Rating,Title,Review,Author,Date
5,Frocks,Cool n comfort,lakshmikeerthi,2026-06-03T21:32:26Z
5,Ram,Good,RomaRam,2026-06-02T11:08:26Z
5,Saree,Beautiful saree I love this,Poonam Tewari,2026-06-01T12:09:11Z
5,Best App for shopping,Best App for shopping,RC8010,2026-06-01T11:29:41Z
5,Nice,Mojaaa,Kamal Pao,2026-06-01T07:48:58Z
5,Perfect,I love it,Huujrv,2026-06-01T02:57:29Z
5,Awesome experience,Really good,Yabor Bern,2026-05-31T01:07:29Z
5,Impressed,Nice,Sweetyyyyy_sahuthi,2026-05-30T23:56:38Z
5,Best for ethnic collection,"Really love this shopping app , best clothes and latest style",kapilatree,2026-05-29T05:32:44Z
5,Nice,Very nice,ChandniGy,2026-05-28T10:42:59Z
1,Worst dilvery they provide,Myntra i would really request if you can’t deliver on a particular adress do mention it when customer place orders its ridiculous how you guyz have done the tie up with the delivery companies this delivery don’t even try to deliver the parcel its seems like its depends on their mood they randomly cancel your order without any attempt really bad service,Pav1005,2026-05-25T08:52:55Z
5,Hooves women PU comfort sandals,Beautiful 😍,Munira Kherani,2026-05-25T02:48:25Z
1,No fixed date for delivery,very poor service 🤢,jack282e,2026-05-24T15:45:43Z
5,It’s really nice,I love how fast I get my product,Fizaaaaashahhh,2026-05-23T12:44:34Z
5,Always my favorite,All services are on time …,Surbhibnsl,2026-05-23T11:59:09Z
5,Dress,Best app to buy dresses and footwear.. highly recommend,Manum@1995,2026-05-21T19:18:41Z
5,Liked it,It’s really good,Bhavanik63,2026-05-16T11:21:54Z
5,Really me happy,Really me happy for myntra,Surekha rajput,2026-05-15T08:12:22Z
5,Best app for shopping,All time I get good customer care support and Thts the best thing compare to other app so I always order things from Myntra for best and trusted service ever 👍even the delivery service is best,Dr.chitra,2026-05-14T08:33:28Z
5,Best app,Very good product cloth quality is really nice,I loved the app and the cloth,2026-05-11T17:40:59Z
5,Shopping,It’s really good service on time,@A@s@,2026-01-29T16:40:47Z
5,Very good,Too good,SAMUDVITA,2026-01-29T12:53:30Z
5,Great shopping experience,"Easy to use app with a huge variety of styles. Quality is good, delivery is fast, and returns are hassle-free. Myntra is my go-to for fashion shopping!",Ramz Reddy,2026-01-29T07:33:16Z
5,Floral print layered fit &flare,Very nice material and love the colors on the dress and very comfortable fabric,Shreya reddy,2026-01-27T17:25:42Z
5,Ali,It’s recommended,Ayya119,2026-01-25T07:31:58Z
5,Smooth shopping experience,"Great options, amazing variety, smooth order placement and easy returns",Niki8591,2026-01-23T16:33:44Z
5,Amazing quality,The colour and quality is absolutely great.!,akki9611,2026-01-22T16:02:01Z
5,Shoes review,Dope quality,Ajemeeerrrrr,2026-01-22T15:29:48Z
5,Sunglasses,"Amazing comfort , great quality , good to buy .",MANAN0291,2026-01-21T07:03:52Z
5,Embroidery work is so fine,Amazing fabric with good embroidery work,Neha12356,2026-01-21T00:30:49Z
5,Supper,Fantastic 🫶,Arfa Altaf,2026-01-20T10:16:22Z
5,Good,Good one,m@nvi,2026-01-20T05:06:03Z
5,Good,Very good,Crownmanuks,2026-01-18T17:34:33Z
5,H&M NightSuit,Great fit and style,bebo255,2026-01-18T13:37:21Z
5,Valuable application,Good products,Romi😊,2026-01-14T18:22:47Z
5,Best,Best,Gdsvarwal,2026-01-14T15:01:25Z
5,Happy with this purchase❤️,Jacket is too good but lil expensive ✨,shona jonwal,2026-01-14T13:51:01Z
5,Good,Good,Pri 545,2026-01-14T11:07:53Z
5,😍😍,😍🥰1st time mangaaya h,Khushi  Singh,2026-01-13T04:44:26Z
5,Loved it,Loved it,GeethaGopakumar,2026-01-12T12:20:12Z
5,Awesome products,Very authentic products and delivery is fast,Fkimn,2026-08-20T14:33:45Z
5,I Love Myntra,🥰,PJShukla,2026-08-20T07:09:02Z
5,Dress,Too good,Simiaroraaa,2026-08-19T15:05:42Z
1,Feedback,Website is working too slow. Taking time to upload the content.,inanayan,2026-08-19T10:56:13Z
3,Lipstick,Good product very good,shfjj gf,2026-08-19T08:11:29Z
5,Great,Very good service,Yahuuuoooo,2026-08-19T05:46:07Z
3,Dove shower,Thank you Myntra I get my order,Nasuura,2026-08-18T13:23:10Z
5,Trust worthy,"I have using Myntra for years, and even when I have now moved abroad I order stuff from my family from here.",K Adhikari,2026-08-18T04:22:11Z
5,Great quality and good looking,This dress size and fit is perfect and the material quality is great too. Didn't cause an itch or rash,3z1e,2026-08-17T23:09:15Z
5,Myntra,My one and only online shopping destination,Nababita,2026-08-17T16:17:47Z
5,Myntra is my go to for shopping,Myntra never disappoints me accept for once.,Kihars,2026-08-17T14:50:46Z
5,Good  products,👏👏👏,Mansur sameer,2026-08-16T10:12:12Z
5,Bedsheet is beautiful with lace,It’s awesome quality,Swathi5818,2026-08-15T12:50:51Z
5,Lipstick,Is to good,Swaralipi’s channel,2026-08-12T10:04:32Z
5,Shopping at Myntra,"It’s a pleasure shopping at Myntra , u always get what u r looking for ❤️",sardesai,2026-08-12T02:39:48Z
5,Ponds bb cream,Best product,Haripriya palampalli,2026-08-09T17:58:20Z
5,Perfect,Cotton .. good quality.. thanks,JPANWAR,2026-08-08T13:36:26Z
5,Girls ethnic clothes,Soft cotton fabric,Okikku6,2026-08-08T00:44:07Z
5,New,Nice,Salman kaji,2026-08-07T14:24:05Z
5,Product,Good,Jagadeeeee,2026-08-06T19:44:41Z
5,Coord set,One word - perfect,Ritu Anil Verma,2026-01-12T07:18:13Z
5,Nice,Fantastic perfume,Gundekavya,2026-01-11T10:25:31Z
5,Love myntra ♥️,Truly amazing,NTRTAT,2026-01-10T15:10:10Z
5,Good one,Good one,Ishk g,2026-01-09T11:33:12Z
5,Itz just a wow😌,Good,Kakashi hatake0001,2026-01-09T03:49:35Z
5,Nice Dress,Perfect fit for my 23year old daughter. Really comfortable and easy to wear.,jhumur16,2026-01-07T14:52:21Z
4,Awesome jacket!,"It’s an oversized look, I usually wear S/M but ordered XS/S and it’s still big for me.",Saayduck,2026-01-06T10:12:29Z
5,Excellet,Good quality,Pushkar62,2026-01-05T15:06:27Z
5,Great shopping experience,Easy to use app with good offers and fast delivery. Product quality is nice and returns/refunds are smooth. Overall very satisfied.,Ltsanglao,2026-01-05T11:29:08Z
5,Good,5 star,Sodimella vamsi,2026-01-03T05:34:07Z
5,Great development team,"First of all I should give a kudos to developing team of the App, good selection with great filters. Easy to navigate and choose easily. Keep up the great work!!",Badchemist,2026-01-01T12:42:52Z
1,Stopped the coins,Y u guys stopped coins for myntra rewars,Lakki v1111,2025-12-31T02:14:07Z
5,Sports shoes,Excellent,Des Raj Sharma,2025-12-30T07:25:03Z
5,BP,Beautiful embroidery and finish,celebstar254,2025-12-30T04:53:24Z
5,awsome product,beautiful kurta …nice texture…soft cloth…must recommend…,anshusweety,2025-12-29T00:33:39Z
3,Good and comfy,Comfy products and good for all day wear,Tanu Khurana,2025-12-28T02:48:47Z
5,The best!!!!!,"Instead of searching on the other platforms, Simple just install Myntra for luxury and budget friendly!!!",prince4k,2025-12-27T16:06:31Z
1,Very slow,"Is it me or does this app not load at all? I’ve been trying all day, and I only have got refresh signs",milo9894,2025-12-25T11:53:26Z
5,Super offers,Sales are worth it !!,nnikunj,2025-12-25T10:12:50Z
5,Shoe,Beautiful,Varsha k gor,2025-12-25T05:33:09Z
4,jahanb,heheheg,charlesputh,2026-03-27T15:50:07Z
5,HERB DAY 356,This product was really amazing ❤️,Mercysidd,2026-03-26T14:18:40Z
5,9/10 app,"Good prices!! not higher or ripping us off !! 10/10 products & everything!!! I luv shopping on this app…makes it easier to shop by identifying my skin type, clothing size & fit, basics, etc. helps a lot!!!",Alfiya25,2026-03-25T06:56:19Z
5,Good products,I am quite impressed with the service,Mansay@987,2026-03-24T12:24:26Z
5,Slippers,Very excellent product,Dushi sufdhsk,2026-03-24T04:29:18Z
5,Very elegant and comfortable,"Lovely top, received a ton of compliments. This is my go to top when I am in a rush but want to dress up.",Indian Kurti,2026-03-22T20:15:04Z
5,L’Oréal setting spray,It’s phenomenal,Nevedtha,2026-03-22T09:17:51Z
5,Crocs,Very nice product,Gddssujhrr,2026-03-22T08:37:28Z
5,Good,Product,EliChawnghlut,2026-03-21T16:03:30Z
5,Very good kurti,Love the kurti,Aarthi Ram,2026-03-20T14:11:56Z
5,Shoe liner socks,"These socks are very comfortable to wear, go for it, thanks Myntra",AnonymousGeet,2026-03-19T20:14:57Z
5,Super,NYC😘😍,Mounichinna,2026-03-19T02:59:17Z
5,Spider-Man Tshirt,Quality and style superb,Chitti tally,2026-03-17T17:07:53Z
5,Perfect,Good quality,Connectmelokesh,2026-03-15T03:53:55Z
5,Myntra reviews,Top notch application and services,Chitraah,2026-03-14T18:48:46Z
5,Kurtas,The collection of kurtas and Kurtis are really gud,Divya tanvi,2026-03-12T16:14:45Z
5,Wow,Great,T1666GO,2026-03-11T13:51:59Z
5,Myntra,Too good,mithrraaa,2026-03-11T13:29:36Z
5,Bata Sandal for Women Review,"The Bata Black Embellished Wedge Sandals are stylish and comfortable to wear. The wedge heel gives good support, so they can be worn for a long time without much discomfort. The black colour makes them easy to match with many outfits, whether casual or slightly formal.

The small embellishment on the strap adds a nice touch and makes the sandals look elegant. The quality of the sole feels strong and durable. Overall, these sandals are a good combination of comfort and style and are great for everyday use. ⭐",Sahib720,2026-03-11T09:55:01Z
5,H&M jacket,Best it’s so comfortable,Bhatshri,2026-03-10T12:22:19Z
5,Superr,Very nice,Stylish frock,2026-06-22T08:50:05Z
5,Superb Jeans,"Jeans is absolutely soft and fits perfect, feels like cotton palazzo. Chemistry has become my fav brand for jeans.",Cheeku1987,2026-06-22T03:23:31Z
5,Excellent product,Worth the price . Quality pattern and product as per shown,Anu Mohe,2026-06-21T08:04:44Z
5,Shirt,Beautiful quality and price offered,kpk81,2026-06-21T03:28:54Z
5,Timex watch set,Nice watch set for a couple. The women’s watch bracelet looks very petty.,DhivJeg,2026-06-20T15:44:21Z
5,great app,great app,gubbala  manasa,2026-06-19T06:45:41Z
5,Best quality of products,Good quality,Buttudi,2026-06-18T10:51:32Z
5,Nice,Nice,Koli yadav,2026-06-16T09:44:22Z
5,Good lets see how it works,Gotta wait n see the results,D ngdnghnuf dwsd,2026-06-13T03:36:10Z
5,Good,Osam,Shabanam Thakur,2026-06-11T12:35:18Z
5,No competition,No one can beat on clothing and fashion product,Dr sundram,2026-06-11T01:59:10Z
5,Cash on delivery and upi payment not placed,Please help,😍😍😍😍Aijaz,2026-06-09T09:39:15Z
4,Nicee,Loveeee the appp,prosisandme,2026-06-08T20:17:06Z
5,😍❤️,😍😍,Ťhv,2026-06-08T08:00:43Z
5,Next’s regular fit tshirt,fabric is really good and soft .,Adirarin,2026-06-07T17:03:03Z
5,H,This is a good online shopping app all products is good and fast delivery,Tiluu daiya,2026-06-07T16:29:12Z
5,Awesome qualify,Best quality at affordable price by Myntra ..Keep it up👍,Abh ay,2026-06-07T10:32:09Z
5,Nice cotton Kurta set,Love the fabric and style . Very comfortable outfit,Handloom lover,2026-06-07T03:05:01Z
5,Awesome,I love to shopping from myntra,Nehanshutailor,2026-06-05T16:37:20Z
5,Good,Good,Yogi0999,2026-06-04T06:21:09Z
5,hai,hai,haijijii,2026-03-10T10:46:09Z
5,Great experience,"Great shopping experience, authentic site, you get what you see on website.",kishi101,2026-03-10T08:46:51Z
5,Myntra is amazing,I love the products myntra has to offer and even the quality is amazing and delivery time is absolutely perfect. Plus even the return and exchange policies are too good.,Pri_189,2026-03-10T07:21:37Z
5,Vibrant colors and soft fabric,"Absolutely love this cotton saree! The fabric is soft, breathable, and very comfortable to wear for long hours. The colors are gorgeous, and the plain black blouse piece complements it perfectly. I even used it for a Halloween outfit and it looked fantastic!",Meenal M.,2026-03-10T04:12:44Z
5,Super cool sober saree,Trust mynthra to receive applause,Rama Poornima,2026-03-10T02:56:56Z
5,Good,Perfect,mcjfjfjdmcjc,2026-03-09T14:43:09Z
1,App doesn’t work in the US,App doesn’t work in the United States! I’m trying to open the app and it goes into an infinite spinner loop. Neither data is loading nor I am able to send the OTP.,snehakataram,2026-03-08T11:37:56Z
5,Shopping,Very good,Nnnnmooom,2026-03-07T10:32:57Z
5,"You name it, you get it.","Myntra is like an ocean, you name it you get it. Awesome collection and awesome production.",Sireeshaaa,2026-03-06T14:23:34Z
3,Gem for shoppers,Best for shopping,Albatross081,2026-03-05T13:24:13Z
5,Good,Good,Akshu226,2026-03-04T17:48:03Z
1,Struck on login screen,Struck on requesting otp screen forever,ReviewsIOS,2026-03-01T00:12:20Z
5,H& M,Best Price and good quality,H&M top,2026-02-28T01:31:14Z
5,Badhani saree,Good quality and soft fabric,Cute girls 👧,2026-02-27T19:47:29Z
5,It’s good product,Product is good,Ri Tripathi,2026-02-27T18:48:00Z
5,Looks decent,Soft material.. nad looks classy.. must buy product..,Dhunchi,2026-02-25T15:05:53Z
5,Quality product,Very nice fit. True to size. And the quality is superb. Overall the best product,Loved shopping with Myntra,2026-02-25T12:56:37Z
5,Awesome app,Quality ek number 100% trusted,Cfhhbfdd,2026-02-24T01:03:14Z
5,Nice,Good fabric,Summer cooling,2026-02-23T09:20:44Z
5,No,Great service,Apple3399,2026-02-21T07:07:31Z
4,Little disappointed,I am very disappointed with the delivery service of this APP . I choose the payment option of COD which I find very convenient specially for people . But this APP keep canceling my order even I have spend it more then 40k RS. .. it’s so disappointing:(,SEAN9191,2026-07-16T14:03:12Z
4,Its good,Nice product,Seemsik,2026-07-16T12:32:37Z
5,Good experience,Good sopping app 👍🏻,Mahapatra subham,2026-07-14T15:16:38Z
4,Good product,"Nice material, comfortable, easygoing",tapasah,2026-07-13T04:18:46Z
1,Don’t use this app,They make us fool by cancelling the order by their side without any reason,KK@_1,2026-07-11T18:42:32Z
5,Best shopping app,Best shopping app,Ani raval,2026-07-11T02:41:17Z
5,Good,Very good,nasor_5,2026-07-10T19:53:42Z
5,Awesome products from Myntra,Awesome Branded products from Myntra,Ram Nathi,2026-07-08T15:56:27Z
5,Easy way to shop,"Good deals, easy to shop.",Neertoolate,2026-07-07T22:20:08Z
5,Product,Nice fabric,Ndjb56,2026-07-07T16:00:56Z
5,Nice,Nice aap,Vikrani,2026-07-07T07:12:01Z
5,Beautiful set,I got this set and it came on time and it lookedexactly like the picture.. very beautiful piece,PsdAps,2026-07-03T10:58:47Z
4,Size 2-3 yr,Purchased this for my toddler. So comfortable and a perfect fit.,Ant--),2026-07-01T17:14:11Z
4,Good,Doesn’t crash,srivami,2026-06-29T20:05:58Z
1,Worst company to buy products online,Worst customer service. Delivery guys take your order and mark it as delivered. Customer service representatives simple disconnect chat saying seems you are busy though they take time to response. From last 4 days trying to get hold of my order and they don’t have any clue on the order.,howdyplno,2026-06-27T06:40:35Z
5,Good,Bedt one,Kavutty,2026-06-27T00:48:52Z
5,Shopping app,Best shopping app #Reliable 😍❤️,Sakuuusrt,2026-06-26T14:44:08Z
5,Super,😍😍😍,Rinza mehak,2026-06-25T06:23:20Z
5,Blouse was excellent,Blouse was super comfortable,Hb8919,2026-06-24T08:10:57Z
5,Nautica Polo Tshirt,Excellent quality and very comfortable. Best for daily usage.,Fashionencer,2026-06-23T03:11:50Z
3,Is anyone else having this issue?,"When I select something I searched for, then go back to the search results, it scrolls all the way back to the top.",D2ML,2026-02-20T20:12:32Z
5,Dress,It was too good and correct fit,Pavani Alapati,2026-02-20T07:58:54Z
4,Good site,Genuine products based on ur criteria,bcgdf,2026-02-18T15:01:11Z
5,Myntra,It gives only original and genuine product,Namita chopra,2026-02-18T14:14:53Z
5,Excellent,Nice service lo,Aman Malek 1952,2026-02-18T07:32:41Z
5,Great Shopping App,"Easily accessible brands, great online platform for shopping.",Praks0495,2026-02-16T12:15:12Z
5,Shampoo,Good,Soujanya Gutta,2026-02-14T23:13:35Z
5,Review,App is soo good with good deals,Ishhhhhhhhajahaffagwg,2026-02-14T15:51:35Z
5,This app is exceptional,I love the outfits…all the brands are available and myntra is the platform from all we should shop,Anshika💗💗💗💗,2026-02-13T10:07:04Z
5,Lakme cream,Nice,Soniya_kh,2026-02-13T08:30:16Z
5,Lakme serum,Loved it,Kannulaado@1,2026-02-12T23:08:39Z
5,Great quality fabric,The top is of great quality. Fits as expected. Item looks exactly as pictured.,Sucheta_mu,2026-02-12T14:46:31Z
5,Awesome dress,It was a gift and this dress justified. Thanks Myntra,Chonu16,2026-02-11T16:23:36Z
5,7,Very beautiful nd very comfortable,Charu Jadon,2026-02-10T17:15:15Z
5,Very good,Perfect,guddu grewal,2026-02-08T13:14:05Z
1,Stop Rejecting * star reviews,"This app purposely rejecting and not publishing genuine reviews which are not 5 stars *****. Any review with less than 5 star are outrageously rejected, which is not fair . Lot of products are not really worth buying and user/customer would never know until they experience it if myntra continue doing this. Just shame on you Myntra",Epstienfiles,2026-02-05T23:59:20Z
1,received wrong and used product,received wrong product and used product please myntra refund me as soon as possible,hadiya jan,2026-02-05T06:22:00Z
5,Myntra is known for original brands,NA,Mahesh1177,2026-02-05T03:49:14Z
5,Good app,Very good app for purchasing products at cheap price,VJ5454,2026-01-31T13:53:24Z
3,No Dark icon,Please add dark mode icon,vishal•gupta,2026-01-30T14:44:25Z
5,Always best 👍🏼,"Products, collections, quality, delivery and return best in all … amazing service. Best app for shopping.",Da goat not CR7,2026-08-05T09:48:38Z
5,So nice dress,Love the material and style.,H A reddy,2026-08-02T18:04:28Z
1,Frustrating Signup Experience,"This is one of the most frustrating signup experiences I’ve had. Requiring both email and a verified mobile number just to order feels unnecessarily complicated. Even after signing up with my email, I’m still blocked because my number isn’t verified, so I can’t place my order. A simple email should be enough to create an account, as some services allow, so people can start shopping without extra hurdles. For example, some platforms prioritize a quick email-based signup to keep the process easy. The current friction can stop genuine customers from placing orders, which is frustrating and a missed opportunity. Please simplify the signup flow so customers can get started with just an email.",MyntraReview97,2026-08-01T19:18:30Z
5,Quality,Great,€rr,2026-07-31T15:40:11Z
5,Best App for Clothing,Best shopping App for clothing.,HRJad,2026-07-31T04:21:08Z
5,Best clothing shopping app,Very authentic app and has such a huge collection of ladies clothing at such reasonable cost. Zero charge hassle free returns. Just love the myntra app!,Flying_md,2026-07-30T04:09:55Z
5,Easy access,Myntra has been always my go to place.,ndjsjdnd,2026-07-28T23:40:19Z
1,"Wrong Products, Denied Returns, Poor Support","I had a very disappointing experience with Myntra customer support. They were unable to properly investigate or resolve my issue. I have faced problems with two different orders from the seller Livewear, where the wrong products were delivered. Despite this, my return requests were denied without a proper investigation.

Because of this, Myntra is making me bear a loss of nearly ₹6,000 for products that were not what I ordered. As a customer, I expected Myntra to trace the issue, verify the deliveries, and provide a fair resolution instead of simply rejecting the returns. Myntra should improve its customer support and ensure sellers are held accountable when they ship incorrect products.",N nxo,2026-07-28T12:44:19Z
5,I Just say wowww😉,Myntra / modern / traditional / good quality / people satisfaction ☺️.. I always like shopping in Myntra.,ovigopz,2026-07-28T01:58:24Z
5,Just wow,Myntra is the best app to buy needs and things,Sujal chetry,2026-07-28T01:14:48Z
5,Nice Indian merchandise Shopping App,Nice Indian Merchandise Shopping App with highest availability of options if you like online purchase with good return options within a week,PA1GAYA3,2026-07-27T17:51:19Z
2,Good app but loots people,Lately they seem to be looting too much out of people’s pockets in the name of platform fee. This part is Ridiculous. Rest of it is fine.,Platform fee loots people.,2026-07-24T18:12:13Z
5,😍,Meterial 🫶🏻,muhsiashi,2026-07-24T04:19:19Z
5,Filori kurta,"Color and material is good, nice kurta:)",Anumathe,2026-07-24T03:25:01Z
1,Too many extra charges,For the return every thing extra do like the app these days,KBachu,2026-07-22T15:30:45Z
5,Very high quality and wonderful service,It’s our new favorite,Debangana here,2026-07-22T08:50:40Z
5,Good product,Good product  and excellent return policy,simmi batra,2026-07-21T07:11:45Z
5,Best,Worth it,Best and worth it,2026-07-18T05:22:05Z
5,Platform of quality,Rich quality in every items,Parnibeta15,2026-07-17T07:37:22Z
5,Super fast and easy,Very very good app,vks61,2026-07-16T14:20:29Z
5,Best app,Best user friendly app,Fosssyyy,2026-04-14T16:43:54Z
5,Great app for shopping,"I have been using Myntra since ages, i have had pleasant experience till date.",Sanju vasanthakumar,2026-04-13T12:32:55Z
5,Great product,Fastest delivery great service,Rt627,2026-04-12T14:15:48Z
1,worst customer support,trying since 15 days for an undelivered parcel no one is responding properly despite  marking the query as resolved,aetchinxdbnom,2026-04-12T07:08:08Z
5,Quality,Very nice,Suofieeeee,2026-04-11T19:09:54Z
5,Co orders,Brilliant products,Tusan bathari,2026-04-11T04:44:45Z
5,Sanitary pads,Love it,Priyagautam,2026-04-10T19:03:49Z
5,Good,Excellent,PrajjuSamu,2026-04-10T04:29:46Z
5,Bano swagger,The dress fits well and the cloth quality is good,Naam Bhawana,2026-04-09T14:20:47Z
5,Great,Quality products,Biswaff,2026-04-09T09:40:22Z
5,Purchase,Excellent production,A. prathyu,2026-04-09T04:26:14Z
5,Listerine mouthwash,Excellence mouth wash. You feel fresh after each use. So refreshing!!!,saanvi sanjay,2026-04-07T07:45:48Z
5,Women dresses,Too good,Felscia,2026-04-06T04:56:27Z
5,Roshni,Nice App,Some  dude in aisia,2026-04-05T16:30:09Z
1,Not for NRI customers,"Some NRI customers prefer to shop online and have orders delivered to an Indian address. However, Myntra only allows login with an Indian mobile number and doesn’t even offer an email login option, which limits our ability to make purchases. Platforms like FirstCry, on the other hand, support international numbers (such as US mobiles), making access much easier for overseas customers.",K.Oza,2026-04-05T14:55:35Z
1,Horrible customer care service,"I made a mistake for ordering a blanket from myntra. This blanket was a complete disaster! It said single bed size and it was as good as a towel. Then comes the worst part, the customer care executive who I’ve been chatting for hours. Not helpful at all, we reached a point where in I said just take the blanket and if you do not wish to refund that’s fine too. The person didn’t care and kept on asking for different pictures and stupid questions. Such a horrible horrible customer care service. .Congrats myntra you just lost a regular customer because you couldn’t train your executives enough.",Garima Tyagi,2026-04-05T04:51:15Z
5,Superb,Nice,Rashmi Santosh Bansode,2026-04-02T06:41:03Z
5,Brilliant app,All branded stuff…,Raunaq N Kukreja,2026-03-31T18:42:16Z
5,Very good aap that we can trust,No-1 quality,Priya Somesh,2026-03-30T16:23:28Z
5,Best app ever! 🥰,"Myntra is a great app for fashion shopping with a wide range of trendy options. The interface is user-friendly, making browsing and ordering easy. Delivery is usually quick, and the quality matches expectations. I truly enjoy using this app and love the overall experience—it keeps me coming back to order again and again. Overall, a reliable and enjoyable shopping experience.",Disha Karyal,2026-03-27T18:25:56Z
4,App,Nyc app,Kirthikaaaaaaaaaaa,2026-05-07T12:59:49Z
1,Love it Myntra,"I love you Myntra . I love to purchase from you very good services , almost all things are stocked..",Luvmyn,2026-05-06T20:00:17Z
5,Best dress,Wowwww no words to describe,Hyatbillo,2026-05-06T13:23:50Z
5,Awesome,Happy with the product and service,sameer.pandya,2026-05-03T17:02:57Z
5,Great value for money,"Good fabric, good finish, great fit. Looks very good . Good value for money",Sirooco X,2026-05-03T08:01:10Z
5,Very good app to buy clothes.,Best app for online shopping,Santhoshi Indrakanti,2026-05-02T02:16:36Z
5,Good,Very nice,YoYoHoneySingh@w8,2026-04-30T02:54:04Z
5,Good,Good,….?;;,2026-04-29T09:03:10Z
1,Money taken but orders not delivered,I paid for my products and they never delivered it and now they claim that they did and I am not entitled to my rightful refund when they never delivered anything in the first place.,Niki Christianne,2026-04-28T19:15:37Z
5,Slippers,Very nice product comfortable 😍💥,Shaman manga,2026-04-23T17:11:01Z
1,Worst app and worst customer service!!! Try any other service but this,Try any other service but this this is the worst app for garments once they take your money they have no morals,JkPatilkr,2026-04-23T07:30:31Z
3,Nice,👍,shalu1130,2026-04-21T20:51:48Z
5,Gud quality,Excellent fabric,Dtjyo,2026-04-21T12:18:40Z
5,Very nice Apps for clothes 🕊️🤍,Very nice 🤌,Sufiyyy,2026-04-19T22:36:46Z
5,good quality,😍👍🏻,shikhaagr,2026-04-19T14:39:22Z
5,Great catch,"Soft cotton, gentle on the skin and extra wide. I love it",ajujj,2026-04-19T09:17:41Z
5,Shopping,Good quality,atiyaali,2026-04-16T09:44:31Z
5,Pay letar,Done,Rakhiqueen,2026-04-15T21:02:49Z
5,Indian wear,It was so good and material and color were upto the mark,Kshetrag,2026-04-15T13:10:32Z
5,fun,very nice place to shop all kinds,S P Ad,2026-04-15T08:53:10Z
5,VIP,Superb,Ap Pradhan,2025-12-02T15:35:09Z
5,Always amazing,Amazing myntra.. my go to shopping platform,@shwinipatil0,2025-11-26T18:46:06Z
4,Good,Good but please make parcel opening video. As not myntra but delivery person or some agents are doing fraud,1shru,2025-11-24T10:13:21Z
5,Wow,Good fabric and nice fit,bhandari himani,2025-11-20T15:47:50Z
5,Myntra,Good,Dressblack,2025-11-20T00:37:44Z
5,Kurta set,Awesome,Monanshi,2025-11-17T19:11:12Z
5,Very good app,Nyc app to use,Anujjhaji,2025-11-17T18:46:50Z
5,very setisfy,4.5,riddhi chavda,2025-11-17T11:29:06Z
5,To Myntra,Myntra,#sanchu!👩🏼‍💻,2025-11-15T15:27:43Z
5,.,Awesome pant,Krish kerketta,2025-11-15T06:18:22Z
5,Trolley bag,Bag quality is so good,Mahalalshmi_❤️,2025-11-14T13:48:31Z
5,V good,Osm,Hkkphh ohh fxzsf,2025-11-13T07:28:33Z
5,Review,Good quality,Neveeditha,2025-11-10T15:18:46Z
5,Best,"I'm a big fan of myntra. 
I have ordering clothes here from past 6 years & absolutely love the products they have.
Prices r soo affordable & love it.Thank u myntra",smart10sam,2025-11-10T12:21:04Z
4,My personal shop,reliable,Yusuf khan 27,2025-11-10T06:13:18Z
5,Better than others,Price is fine as quality,brar27,2025-11-10T01:22:34Z
5,Wishcare lipbalm tinted,Nice product… worth itt,Kiki & Achu,2025-11-09T14:37:21Z
5,good,food,saminnz,2025-11-06T14:16:40Z
1,Didnt place order correctly,"I placed an online order using a credit card. The order never appeared in my orders just stay in my cart. And then I’m trying to reach Customer Service because I ended up placing the order saying cash on delivery although my credit card was charged to see if they can make a changes on their backend but the help center or chat bot, I don’t know what they’re saying it’s one of the worst",Joemaya87,2025-11-06T04:00:05Z
5,Nice,Good,Rashi bhidlan,2025-11-05T17:26:31Z
4,Good quality,4,Aaru0123,2025-11-05T05:49:52Z
4,Good,Good,Meno plazzz,2025-11-05T03:39:29Z
4,Great profuct,"I exchanged with size fit issue and found it new one with great fit, good arch support, there is space to improve about arch support thats why giving one star less, else good product",priyanka_tina,2025-11-01T10:45:32Z
5,👍🏻,👍🏻,Hojaifa Rahman,2025-10-31T03:36:48Z
5,Fantastic shopping experience,On time delivery and varied variety makes it one stop shopping destination,Ayushi’s,2025-10-30T07:16:59Z
4,Very useful,Looks like Delivery time is little more.,P V Bharath Kumar,2025-10-28T23:59:50Z
5,Good 👍,Finding everything in one location enhances my satisfaction; it simplifies the process of ordering items from abroad. I am pleased.,varshaumesh naveen,2025-10-28T03:49:56Z
5,Suhail,The product quality and texture is superb. The fitting is really good. Overall a nice product for everyone who loves style and grace.,Suhail0604,2025-10-26T12:14:04Z
1,App,"Let us compare the price first, if I want to see the price of products I must download the app, if your prices are cheaper than then other suppliers of course we download the app and purchase, this is like you insist us.",+919738923279,2025-10-26T03:37:36Z
1,Never delivers,I am fed up with this app. It never delivers on time and no customer support could help me. My money got stuck and I kept waiting until I had to cancel all my orders. Timewaste and useless!,Shivanshu156,2025-10-24T14:58:07Z
5,Beautiful set,Beautiful set for any occasion. Love it!,Joykaran,2025-10-23T15:42:12Z
5,Clothes,Great! I have been using Myntra for so long now,sreosi_m,2025-10-22T17:26:55Z
5,Shopping ease,Awesome,snigdha01,2025-10-21T08:53:17Z
5,Great app!,"This is such a great app! I had not explored this app that much until this month and I’ve been loving the range of products and discounts they offer. It is also so convenient to use. The only thing that I found is a bit weird is that sometimes products don’t show up in search and can be found when you start browsing the related products. Apart from that, very happy with the shopping experience they provide!",Magical Healing & Awakening,2025-10-19T13:52:29Z
3,Y,Jg,huvxdkcc,2025-10-17T14:37:15Z
5,Love it,Very nice color and material! Worth the price,Smita  Patel,2025-10-05T17:18:34Z
5,Great,Good quality stuff,Farheen Imran Ansari,2025-10-05T12:15:18Z
5,GREAT DEAL,Always good deals & discounts,Rahul5906,2025-10-04T17:34:28Z
5,Good dresses,Nice quality,VensonShiv,2025-10-03T14:57:04Z
1,Delivery,"Many items are showing as unavailable for delivery to my PIN code. I haven’t faced this issue in the past few years, but now it’s happening every day.",Kashyap Sonani,2025-10-02T21:02:23Z
5,So awesome,I love Myntra I can filter for natural fabrics in my size really my size and not worry about stitching and the beautiful designs and variety of both western and Indian clothes is superb. So happy Myntra exists. App is well designed and easy to use as well,Zlisha,2025-12-24T05:31:16Z
5,Goat app,This app must download for best discount deals usefully,J sebastin,2025-12-23T15:45:31Z
5,Nice,Wounderfull product,Nice product in Myntra aap,2025-12-23T07:04:52Z
5,Addictive,Simply spectacular collection 👌👌,sumirvine,2025-12-21T06:03:14Z
1,Fake products,The products are totally different from the app and i try to return and exchange but there’s no other option 🤬I’m very disappointed.,Oshumoba,2025-12-21T02:09:06Z
5,Good,Nice  and warm,Vndna vk,2025-12-20T04:28:13Z
5,Good work,Amazing,Hashimtullah,2025-12-18T05:13:31Z
5,Wonderful online shopping site,I have started using Myntra about a month ago. I am truly happy with their service and their return policy. I opt for my returns to be credited to my Myntra account and it takes just a day after collection for the money to be credited. Haven’t had any cause to complain.,she ben,2025-12-18T02:11:53Z
5,BOROSIL lunch box,It’s amazing quality and design,Hgybhfuytf,2025-12-16T12:09:27Z
5,Nice,Nice,H Monga,2025-12-13T10:13:24Z
5,Great service,😍,Hashu4231,2025-12-10T13:31:50Z
5,Extremely well Product - Must Buy,Bought this for my wife-  she loved it.  All the best to entire team - Kiza.  Keep growing 👍,Sachin Gambhir,2025-12-09T15:31:34Z
5,Excellent,Excellent,Lordshiva1,2025-12-07T23:33:52Z
4,nice app for purchasing,nice,ff 111,2025-12-07T01:36:01Z
5,Exceptional,Exceptional,HSUser1,2025-12-04T19:41:20Z
5,Good quality,Very comfortable and good quality,Kavyapoluru,2025-12-04T15:52:11Z
5,Very good,Very nice material comfortable and to the size. On time delivery,PRAsenior,2025-12-04T12:56:19Z
5,Ab,Cd,Ccccccoocfd,2025-12-04T08:37:34Z
5,Good quality,Good quality,Granger_harry,2025-12-03T09:15:19Z
1,Cluttered and too many ads,This app looks like an ad app more than a e-commerce app. It is cluttered with so many disorganized options and the ads popping up everywhere. It is the worst experience. The product team should focus on the experience rather than putting it out everything. This is the worst app I’ve ever used. The product and the design team are not doing a good job. Learn the basic principles of the app design. The icons are so small and they’re not placed correctly. You should learn from the user flow use experience please work on this. Thank you,im-rohan,2025-12-02T15:56:54Z
1,Item was not delivered and customer care gave no support,Order was marked as delivered without the product delivery and customer care gave answer this cant be assisted,Santhoshprakash,2025-09-04T15:59:04Z
5,Sapna,Beautiful Saree. Looks gorgeous and easy to carry,Sapna Nagaraj,2025-09-04T05:46:52Z
5,Worth for money,The fabric is really good i like the fitting of the shirt and the color is as it is as shown in the images,Qulamin,2025-09-02T01:05:52Z
1,App misbehaving - Return orders,"I am quite sure that I had placed return request on certain delivered items that I received. On not receiving any update for a few days, I checked the orders and found out that somehow my return request was reset on the app! And now the product is out of return window.",NicknamesCustomer,2025-09-01T08:01:25Z
5,Amazing website,Great products,hwiiskdbdbnddmmdmd,2025-08-30T11:11:41Z
5,Best for shopping,I live in usa but when i come to india this is my shopping destination.!,Vaelyn123,2025-08-25T17:22:50Z
5,Jumpsuit,It’s beautiful 😍,setu6665,2025-08-25T08:12:51Z
5,"Good collection, amazing speed and ease of return","Good collection, amazing speed and ease of return",Macmoby,2025-08-23T12:27:36Z
5,Superb cotton,It’s very good,Not allowing many names,2025-08-22T17:08:46Z
5,Love the quality and fit,It looks and feels amazing!,SS007original,2025-08-22T13:10:09Z
5,Easy navigation and faster checkout,Very easy to use the app and the checkout process is very smooth.,Dj421v,2025-08-20T15:44:01Z
5,good quality,Looks just like the picture- value for money,swapna sethi,2025-08-20T12:56:53Z
5,My Indian Shopping,I absolutely love shopping on Myntra,Maks9,2025-08-18T10:44:06Z
5,Good,Very good products,safnamunna,2025-08-15T17:08:17Z
5,Good service with good offfer,Its will be my first experience with myntra and i saved 45 rupees for my next order and got discount as well in mini order as well …,Farhad pathan,2025-08-15T01:17:21Z
5,Gold coins,Good looks,Nilay s patel,2025-08-14T07:57:58Z
5,Nice,Good,Nagaswathi143,2025-08-11T19:53:49Z
5,Rakhi,"Myntra always deliveries clothing or Rakhi on time.tracking was showing that it will be delivered on August 9th and I was worried if it will reach on time coz Rakhi is on 9th and what if it will reach late in the evening but I think Myntra knows that every sister wants to send Rakhi on time to her dear brother and my order got delivered on August 8th.thank you very much for sending it on time.Myntra is 
Best shopping and awesome customer service!
Thank you!",PurniShop,2025-08-08T12:51:10Z
4,Best quality,Super cute,Abawgi,2025-08-07T13:20:47Z
5,Excellent,Easy - quick - reliable,tinaicfaipune,2025-08-07T03:53:24Z
5,Quality,I  ordered this to my father and I really loved his compliments for me to choosing this shirt .,Pranathi rami reddy,2025-02-28T05:47:41Z
5,Favourite shopping app,Myntra has never disappointed us,Shon98765,2025-02-26T15:27:36Z
5,Love,Excellent collection and service,Teny krishna,2025-02-18T13:17:30Z
5,So Beautiful!!,"Can’t believe how beautiful this necklace set is!! I ordered 7 pieces for 7 bridesmaids to wear… the muted yet beautiful gold color, design with the tiny elephants, craftsmanship and sheer elegance of this set is fabulous! Love Love Love ❤️",Piyal SG,2025-02-16T12:45:30Z
5,Good,Super,nish866,2025-02-14T09:30:09Z
5,Beautiful Dress,I really loved the dress!!,Manya_08,2025-02-13T06:52:56Z
5,Nice,Very good,Jr Suman,2025-02-12T19:59:39Z
5,Very nice red dress,"Beautiful clothes, nicely stitched dress, fits well 👍",Seema408,2025-02-12T14:53:20Z
5,Best apparell app for GenZ’s,"The best collection you could purchase, at very best price, with hassle free returns",Praveen656,2025-02-12T06:35:00Z
5,Quality Clothing with great service,Great customer service and the delivery agent was very helpful responsive and a greatest asset to the company,Agent 111,2025-02-11T14:41:23Z
5,But it,I love it,Banty K,2025-02-09T23:40:07Z
5,Comfortable,This kurta set is so comfortable that It doesn’t feel like you are wearing it. Breathable fabric pure cotton,uvi13,2025-02-05T10:39:03Z
5,Beautiful kurtha,The kurtha is beautiful and the cloth is good,Srujana’s,2025-01-29T04:03:58Z
5,Suit,Beautiful and perfect fitting,Bb_sam,2025-01-28T14:43:52Z
5,❤️🖤🖤,Nice one,Saiman jena,2025-01-27T12:21:34Z
5,A pleasure,These sandals are super comfortable and easy to put on and off. Style and size were accurate.,Surya 108,2025-01-22T06:07:31Z
5,Product Quality,Really good product for daily use,Vishal_Poddar,2025-01-19T17:23:18Z
1,Poor customer service,Poor customer service. I have received my order with missing items and was told to reorder and pay extra,Ulos321,2025-01-12T08:08:12Z
5,Myntra always best,I love shopping Myntra always,RamyahRavi,2025-01-12T00:08:01Z
5,Very good collection,I am able to find all types of fashion accessories and clothing,Enigma_288,2025-01-11T17:29:06Z
5,MIRAGGIO TOTE BAG,A very classy and authentic product i recieved worth the price 👌 A highly recommended online shopping app❤️,Angel (🇵🇭),2025-08-06T01:01:40Z
5,Comfortable top,Fabric is soft and comfortable,HappyCustomer005,2025-08-04T00:16:03Z
5,H,This set to too good and very stylish,HTS123abc,2025-07-30T15:57:54Z
5,The best site,"I love Myntra 
I trust the quality and consistency of their products also the customer care service is super amazing. It’s my go to thing always without any doubt",Dr.Pratishtha Sharma,2025-07-30T08:53:07Z
5,I love shopping at myntra,5/5,malujags,2025-07-29T15:05:32Z
5,Exceptional quality,"First pair I order was to big, we ordered an exchange and it came very fast. The product is great and good quality.",jamir sophie,2025-07-28T05:16:05Z
5,Loved it,Just as described on the website.,Deera07,2025-07-27T10:18:30Z
5,Great options and delivery,"I always shop on Myntra. Great collection and on time delivery 
Return is also easy.",JI1925,2025-07-25T11:24:15Z
5,Easy navigation great site,Good app would def recommend,Sunvij,2025-07-25T06:55:57Z
5,Great shopping,Have shopped several times. Good products nd great pricing. Awesome delivery and customer service,Enraam,2025-07-23T11:07:49Z
5,Beautiful dress,Very beautiful!!!,Geethusangs,2025-07-22T08:26:11Z
5,Mr,Awesome! Myntra is love.,Zee Alam,2025-07-20T17:00:40Z
1,First they cancel my order then when i replace my same order they increase it’s prices,1 star,Preshan bacha,2025-07-19T06:21:53Z
5,Great App and 100% Genuine!,"I’ve been using the Myntra app for a while now, and it’s been a fantastic experience. The app is user-friendly, offers a wide variety of brands, and the delivery is always on time. The products are 100% genuine, and the return/refund process is smooth and hassle-free. I highly recommend it for anyone looking for a reliable online shopping platform for fashion and lifestyle products!",Praky123,2025-07-17T13:37:41Z
5,Awesome,"This one is stylish , just get it",vodalove,2025-07-16T04:02:06Z
5,Simple nice scarf,"Pure cotton, simple scarf of elegant design. Brought to wear with a salwar instead of a dupatta. Can’t wait to see it paired with the kurta.",Bipasha_Basu,2025-07-16T01:51:07Z
5,As good as it looks,A good buy,Goldie_24,2025-07-13T18:52:12Z
5,Very good experience,Shopping and returning are very easy and hussle free,sushil4700,2025-07-13T12:32:37Z
5,Great product,The quality of this t shirt is amazing.,Aanzipanzi,2025-07-12T13:24:26Z
5,Shopping,Excellent quality and on time delivery,Really blow,2025-07-11T03:34:35Z
4,Good collection,Good options available in affordable rates,Dev-2134,2025-01-11T08:43:41Z
5,Myntra is the best!,Great shopping experience and seamless user interface!,Honey phoenix,2025-01-10T18:23:13Z
5,Puma shoe,Good quality,ckancha,2025-01-09T14:38:13Z
5,Amazing app,Love the variety,Kaya1426,2025-01-08T17:47:16Z
5,Nice app,It is very best app for fashion,Godspeed_ff,2025-01-05T04:06:24Z
5,"Nice product, good fit",I was reluctant while ordering this product but it fits perfect and the color is as displayed on the website. Thanks for the on time delivery.,Punva Pednekar,2025-01-04T15:42:01Z
5,Unlimited variety,Sexiest shopping app for indians. Search anything,jkk1123,2025-01-04T09:46:59Z
5,Wild horn bag,Quality is good,Sree65@,2025-01-01T03:28:54Z
5,jumpsuit,very pretty,shimii**,2024-12-29T04:12:54Z
5,Good quality,Looking nice & quality is also good,Vedika123,2024-12-28T04:12:18Z
1,Account disabled for no genuine reason,My account was disabled for no genuine reason. I asked for the reason and they pointed me to terms of use. I questioned which terms were violated and the support team said “we dont have that information “ When asked to transfer to supervisor and escalate issue the supervisor said we dont have access to reasons. So they disable accounts when you want to initiate a refund to prevent loss of revenue which is an accounting scam and fraud. Indian government should take a note and should audit myntra,camuserios,2024-12-27T07:32:04Z
2,Lack of price filters and Ads,Lack of price filters and some other critical filters make the shopping tedious. Also in filtered search there are a lot of ads making overall experience poor.,No nickname789,2024-12-24T21:09:44Z
4,Great App and Service by Delivery Partners,So far impressed by the service by delivery partners and ease of use of the app.,BMGh702,2024-12-24T07:38:49Z
5,"One of the most exceptional app, be it the interface and the features","Awesome app , exceptional technical capabilities , You guys are world class",ArviSindhu,2024-12-21T18:57:00Z
5,Go,Good item,Arush Agrawal,2024-12-19T21:09:17Z
5,Very good,Thanx,mohan khandelwal,2024-12-18T09:55:30Z
5,Shoe shopping,V good,Pratik Niture,2024-12-18T07:31:42Z
5,Best,Mintra app is the best,thanks to myntra,2024-12-17T13:16:38Z
5,Great,Good,Nick_00009,2024-12-14T02:03:13Z
5,Product review,Very good product and am loving it ♥️,sugukavin,2024-12-13T16:45:58Z
5,Love Myntra offers,"Myntra has huge connections with amazing price offerings.
The delivery and return is also quick 👍",$deiplata@,2025-10-02T15:37:25Z
5,Fashionista,Using this app since 2015,Very x5 good,2025-10-02T12:01:18Z
5,Best,Superb quality,Hejebevwh,2025-09-30T07:17:55Z
5,Amazing,Totally happy with the service and products,Rukku!,2025-09-29T13:04:20Z
1,App not loading and very slow,Taking forever to load app and products. Most of things are not working on fiber optic internet speed. Website however works at same time.,Atul Barve,2025-09-26T02:32:42Z
5,Love,Loce,Love ttttuyy,2025-09-25T17:34:11Z
1,Fraud Products,"There might be some fraud products that Myntra sells. Because almost 7 products got canceled by it’s own without my concern, and I was waiting for it for so long. And now I’ve been waiting since 11th of September, for a product: “Puma FUTURE ARCHIVE Bagpack” today it’s 24th September. I tracked the product it’s roaming around Ludiana to Chandigarh, Chandigarh to Ludiana, again Ludiana to Kharar, Kharar to Chandigarh and again to Mohali, Mohali to Ludiana again. Which means it will roam around there, seems like a fraud product.",Subrod,2025-09-24T05:54:57Z
5,Myntra,Myntra is the best online shopping ♥️,Saii ch,2025-09-22T22:01:56Z
5,Best offers,I got everything I want for best price during sale and happy with my purchases.,SwethaRupa,2025-09-22T06:28:27Z
5,Happy moments,I have a good experience with Myntra shopping. The prices are so affordable. I’m happy with shopping by Myntra,dilshadck,2025-09-21T17:52:34Z
5,Head chain,Ausm product,D€£P,2025-09-15T12:58:24Z
5,Best option for online shopping,Customer friendly  and reliable platform for online shopping.,Padmomanani,2025-09-14T14:55:59Z
5,Shoes,Nice and comfortable shoes,Akshataanvy,2025-09-14T12:30:20Z
5,i love this product,good,geembu,2025-09-14T07:16:11Z
1,Use ti be a good site,I am a loyal customer of Myntra for over a decade now. But recently its been not so good site. I have come to hate customer service and the way to contact them. Also multiple pickup agents show up at ur door to pick up and fraud is being done.. Situations are very disappointing and super inconvenient.. lost over 3000 RS. In all these would now never use again. it’s a fraud site.,joohik,2025-09-12T08:36:01Z
5,Awesome,Many products at best price,Resha29,2025-09-11T12:55:09Z
5,Pretty top,Pretty looking top.. goes well with whole denim and blue jeans too,archive folder,2025-09-10T15:37:44Z
1,Worst app,It’s so irritating that this app doesn’t load if we do not use it for 1week and we need to always uninstall and install it for it to work properly... by dng this we will loose all the items we added in our cart ..the way this app works it’s better we choose some other platforms for online purchase.,ApparentUser,2025-09-08T08:09:16Z
5,Good,Good,Geeth12$@,2025-09-07T10:35:47Z
5,Fabric diapers : Awesome,Awesome product. It’s o soft and still soft after many washes.,Shivaansh Vashisht,2025-09-05T04:01:08Z
5,I LOVE MYNTRA,"Oh my GODDDD 
ONE
OF THE BEST APPS OUT THERE 
THE SHERE AMOUNT IF DISCOUNTS IS “UNBEATABLE”
The return policy IS SOOOO GOOD Omg they come
Home take your product and the amount is returned in hours if not minutes sometimes

I love the UI of the app 
Sometimes I wish there was a dark mode just coz I scroll a lot at night but it’s COMPLTELY FINE 
THERE ARE MULTIPLE BRANDS AVAILABLE FROM BUDGET RANGE TO LUXERIOUS PRODUCTS 

Overall I love Myntra 
It’s a 5 star 
Totally in love with the experience 
AND I WOUOD DEFINETLY RECCOMD YOU TO QUIT ON AMAZON AND SHIFT HERE
10/10",Rayan D Samson,2025-07-09T14:26:38Z
5,Amazing,One of the best online shopping apps outstanding,Ladla Nishad,2025-07-07T16:11:40Z
5,Very nice,"I liked it 😊
First 2..3 times wash separately then machine wash",A Ritu,2025-07-05T14:55:34Z
3,Positive,I love the app and the products are authentic,Plaban Ghosh,2025-07-01T10:30:14Z
5,Favourite online App ever,Best app to purchase items at affordable rates and high quality,Ishah_,2025-06-30T08:58:59Z
1,Scam company,"They say you can return an item if it doesn’t fit. But they will never pick up the return, so you will never get a refund. Support claims to address the issue and the next return will be picked up. But it never is.",akda5id,2025-06-29T15:00:45Z
5,Good for fashion,I using this app for several years it’s been very helpful to me with recommending shirts and pants,Prajwal T,2025-06-29T12:32:47Z
5,Soothing fabric,I got this for my vacation. The fabric is very soft and has a good fit. Value for money.,Deepali17,2025-06-28T17:12:59Z
5,Good,Please don’t expect good customer support. Rest are okay,P37$!,2025-06-25T07:23:15Z
5,Yellow floral Embroidered dress,The quality of the dress is really good and I love the material,Sushmitha Salian,2025-06-24T14:43:36Z
5,Amazing,"Its very stylish and comfy, love it!!",Priya_dharshini23,2025-06-22T14:16:55Z
5,Best app for shopping,Love it!,RuuKoo31,2025-06-22T07:42:08Z
5,Shopper Bobby,Easy to shop for good products and easy returns,Bobby Seeker,2025-06-20T06:15:24Z
5,Very comfortable must buy,Must buy,sneh108,2025-06-20T05:32:34Z
5,Nice,Very nice,Rana kabu,2025-06-19T10:37:38Z
1,Disappointed,"I order 2 shirt from h& m for the first time from this app its been almost amonth now  , but i still didn’t get my order and i got message so many times that my order is out for delivery and hoping that will get it but when i check the apps it always said failed attempts when i dont get even a single call from delivery partner i dont know why this is firt experience from any online shopping happening like this to me.",On xok so falls,2025-06-19T10:22:14Z
5,Excellent app,I am using Myntra almost 15 years,amitohi,2025-06-19T03:37:58Z
1,Debited the purchase amount twice,Once when I purchased an item the payment went through and was deducted twice. On reaching out to customer care they redirected me to the bank and on contacting the bank they redirected me to Myntra. On reaching out to Myntra customer service the refund was not processed and I lost 1000INR. Not gonna order anything again.,Hazelberryyy,2025-06-15T15:44:52Z
5,Best,My favorite shopping app,rko401,2025-06-14T12:48:27Z
5,Great app,Great fashion app for online shopping,None1234511,2025-06-11T02:42:01Z
5,Nice worth it,Nice worth it,hem ning,2024-12-13T03:27:57Z
5,Good service,Good,Arshu0076,2024-12-12T12:01:54Z
5,Cute little dress for pear shape figure,Beautiful color and fit/ 47 age weight 68 kgs,Ranu09001,2024-12-12T06:09:16Z
5,Here and now,Super,मोहम्मेदशफ़ी,2024-12-09T18:25:00Z
1,Incompetent,"I requested to cancel an order which i didn’t want anymore and the customer care executive said to just refuse the order on delivery. But when delivery came, the delivery agent said i could not refuse it since it was already paid for , and asked me to create a return request instead. Now i cannot return the product which i don’t want , at such a high price .",Ayesha Mm,2024-12-09T11:36:20Z
5,Thank you myantra,All products are original,Xhngbm,2024-12-06T19:14:04Z
5,Good product,Shopping in Myntra is my great experience,Patpingua,2024-12-06T16:53:50Z
1,Bad app,"Too bad app, there is no human working for service center, I wish I could give zero star mark",Rthaware,2024-12-06T16:30:26Z
5,Excellent,Good,Daniyal1297,2024-12-04T13:26:36Z
5,Delivery and material,I like the kind stuff you deliver I am satisfied with it,bhuvnaya,2024-11-30T17:25:40Z
5,Nice app,Good app. Great service,Kioskdki,2024-11-30T15:25:07Z
5,Excellent products,Price range worth it,Vmartis,2024-11-29T20:52:00Z
5,Ms,Nice,Vailoor,2024-11-29T04:26:13Z
5,great product,great product,PYRyadav,2024-11-27T08:57:00Z
5,Amazing Choice! Great Prices!,"Fun to use the app and explore the different colors and styles, all available at affordable prices.",Sheetal1706,2024-11-26T20:03:37Z
5,Excellent,I love the app. It’s easy to use in every possible way. Keep up the good work !,Sejal J.D,2024-11-26T18:52:59Z
1,Non responsive customer service,"I had three orders delivered that were different from what I had ordered. When I used the app options to return them, the delivery person refused to pick them up saying they are different and to contact customer service (even though the option selected for return was that I received a product that didn’t match description.) I have since contacted customer service multiple times and been told that it will get resolved soon, but it hasn’t been so far. It’s now been almost two months. Also, I am a Myntra insider based on the amount of orders I had placed and I still get this kind of service. Now I am considering not buying anything from Myntra again.",Andromeda2.2,2024-11-24T19:24:06Z
5,Myntra is good as per returns and quality,Super I never had thought about the quality and returns on Myntra . It’s too good that ur money will never be stuck refund in same day. Customer friendly. Charges are high since they provide quality and service to customer to look into products and return is easy.,Dipika Tada,2024-11-23T09:55:35Z
5,Good service,Nicee,Ishiaxhvbmn,2024-11-19T18:46:41Z
5,Very easy app,"Very easy to navigate, have good collection of stuff",Neha@A.,2024-11-19T17:45:33Z
4,Dress,Good,Tanu27_,2025-06-08T17:32:59Z
5,Loved it,I cannot say how happy i am using this app,Afreen abad,2025-06-04T22:13:44Z
5,Nice soft fabric,Looks very chic and casual. Soft fabric,Sunny 2018,2025-06-04T11:39:25Z
1,Worst customer service and lots of quality issues,"Avoid buying from random sellers, if possible avoid buying from myntra altogether. Myntra doesn’t care about the quality those sellers are providing. Return experience is even worst. Nobody came for return and return was cancelled multiple times by them. Horrible customer care service. Not happy at all.",amnakush,2025-06-03T10:02:33Z
5,Love this kurta,Awesome,MK Dli,2025-06-03T07:35:16Z
5,Shopping app,"Best app for online shopping  ,loved it",Jayamanjul,2025-05-30T20:02:18Z
4,The Product,Is so wow,Bikash heisnam,2025-05-29T09:35:10Z
3,Good,Myntra,Fendo777,2025-05-28T15:24:20Z
5,Nice,Ni e,Naga karri,2025-05-27T17:53:42Z
5,Damench,Good,Bisker mutum,2025-05-26T12:30:39Z
5,Awesome,"So cool, collections are very good.",La ilaha illalah,2025-05-26T01:56:07Z
1,Fraudulent and disingenuous,"I bought a 20000 INR suit for business purposes. The product was sent like garbage, bundled into a wrinkled blob. Needless to say, I wanted to return it. The app didn’t have the option of return. Tried to call their helpline, the corresponding button doesn’t work. Tried chatting, no messages are going through. Bloody criminals!! I spend 1.5 lacs in total in the last 10 days on Myntra due to a relocation coming up, now I strongly regret it.",Oonga Appa,2025-05-23T08:40:25Z
5,Excellent,Very good products,BANDARU GARDENS,2025-05-19T13:51:12Z
5,Best app for all your fashion needs,Awesome app,Thenashok,2025-05-19T04:04:54Z
5,Nice,Worth of money,alokansha,2025-05-17T17:48:46Z
5,Amazing,"Really loved it, giving a good shape to body. You look slim in this.",Akanksha Agnihotri,2025-05-13T03:43:20Z
5,Amazing app,Amazing user friendly app with vast range of good quality clothes. Love the experience!,dips_pika,2025-05-11T04:16:12Z
5,Love that,It’s a amazing,Mkadekar,2025-05-10T10:17:32Z
5,Always best,Good collection and Rate affordable,jineemon,2025-05-09T10:22:28Z
5,I m very happy,So beautiful so nice 👌don’t delay buy it now 😊,Nav sim,2025-05-08T14:48:02Z
5,Very good product,Very comfortable and stylish design.,prajakta B,2025-04-14T18:58:10Z
5,Five Stars,I am giving 5 stars,Yashnegi007,2025-04-09T16:12:43Z
5,Ethnic wear,Beautiful dress and material. My daughter loved it. It came exactly the same color i saw it on the website so truly happy 😀,Vandysia,2025-04-07T18:42:13Z
5,Off white ensemble,It looks so cool for summer,d_mita_,2025-04-06T11:13:14Z
5,AMAZING experience,It’s always an excitement for myntra products it’s a lovely app for all the purchases.,Kch b haan,2025-04-04T15:04:01Z
5,Wonderful fabric,Fabric is too good,Minny milky,2025-04-01T20:17:48Z
5,Pretty,I give 5star 🤍🤍,Naina Dorjee,2025-03-31T09:45:13Z
5,Best,Best,snapdidi,2025-03-27T14:49:41Z
5,Good,Preferred,Srilakammal,2025-03-27T09:29:48Z
5,Hawkins dosa pan,5,Moureddi,2025-03-27T02:02:51Z
5,Jaya,Very good party dress to wear during summer … material is good quality cotton..,Aadya Rakesh,2025-03-22T21:13:25Z
1,Worst Customer Service – Myntra Takes Customers for Granted,"Worst Customer Service – Myntra Takes Customers for Granted!

I have been a loyal Myntra customer, but their service has gone downhill. Their customer support is rude and dismissive, and they close cases without proper resolution. Returns have become a nightmare, with unnecessary hurdles and hidden fees. Instead of helping, their representatives try to fool customers and talk arrogantly. It’s shocking how they treat people who have trusted their platform for years. Myntra seriously needs to fix this, or they’ll lose more customers.",Tanya Wankhede,2025-03-20T17:51:16Z
5,Rubans studds,Suberb quality sold by Myntra,Parmita kar,2025-03-19T04:34:18Z
5,Best Indian clothing shop,Great ethnic designs at fair prices,nits.nar,2025-03-17T17:13:35Z
5,The Best App,The Best App for shopping.. thank you Myntra😍,Varam7669,2025-03-17T15:55:51Z
5,Easy shopping,"It’s an awesome app, one stop shop for everything. Love it",p.patil,2025-03-11T06:12:26Z
5,Amazing products. Reliable returns,I have been shopping on Myntra for more than 10 years and have had amazing experience. Can rely on reviews and easy returns. Highly recommended.,VandNyal,2025-03-09T18:32:26Z
5,Satisfied,Good at this price . One must go for it,Jazkaurrr,2025-03-09T07:34:56Z
5,Very good app,Very good app,Gopinihal,2025-03-01T19:32:09Z
1,Worst experience with customer care,"They don’t support using VISA credit cards. I have a US based credit card that requires a billing address zipcode different from my delivery address zip. The app doesn’t let you enter this. Whereas an apo like swiggy is able to provide this option. The customer service is very hard to connect to an actual person, they don’t help either.",Sparka27,2025-02-28T07:04:55Z
5,Roadster cargo,Good,innusarah,2025-05-06T13:15:39Z
5,Nyc site,Nice shopping site with quality products,Ginny1187,2025-05-06T01:51:06Z
1,Cheats at delivery. Multi items in one shipment,"For multiple items in one shipment, ensure all items are there. They cheat my saying delivered with one or two. And mark as delivered. No refund or resolution.",Myreview101,2025-05-04T11:56:11Z
5,Love Myntra,All the products are good,ShriTexas,2025-05-04T05:10:53Z
5,Good,Good,tarun bhalla,2025-05-03T05:20:24Z
5,Love myntra,Good variety and discounts,Sarrrrqyquj,2025-05-03T04:02:52Z
4,Niceeee,Best….,priyanka godara,2025-05-03T01:55:20Z
5,Very nice,Nice and comfortable,Sus chy,2025-05-03T00:02:42Z
5,Nice app,Really like this app and authentic products,Pranay kapse,2025-05-01T16:02:10Z
5,Glass,I loved it. The size is perfect for soda or juice or even for water also.,Sanj Jaiswal,2025-04-27T22:54:11Z
5,T shirt,Good product,Avi raaj,2025-04-27T03:47:53Z
5,Amazing,Amazing,Bloticontua,2025-04-26T21:22:12Z
1,Dont chose the option for - no return required to get the discount,"So this product - Roadster track suit set- the pants part was used by someone MULTIPLE TIMES, as it had bubbles and stain as well. And this was sent to me as a new product . Unfortunately I couldn’t return it. Because I chose that no return option for this purchase. Maybe thats why myntra sent me someone’s returned item. Very clever. And congratulations on losing a long time user of your app.",sv08july,2025-04-26T10:41:31Z
5,Awesome fashion online store,Prices are unbelievable with the quality of the products,mymddy,2025-04-26T08:30:32Z
5,Love Myntra,Variety of products available,exclusive collection,2025-04-25T22:01:09Z
1,Stay away from Myntra,Stay away from Myntra. Worst customer service ever. They deliver wrong products and never provide refund,HateMyntra,2025-04-22T04:44:20Z
5,I love this shop,"Myntra is reliable and treats their customers with respect and care. I’ve never had an issue in all the years I’ve been shopping with them. 
  Thank you for making a pleasant and enjoyable shopping experience online. It’s usually hit or miss. With Myanta it’s always a bit HIT.",Jamunajal,2025-04-18T09:17:57Z
5,Pratibha,"I like the look, flare is wide and the fabric is cotton blend. Overall decent dress for summers. :)",Evaa@01,2025-04-18T07:06:28Z
5,Return exchange and delivery fast and eazy,Its great loved it,huaipi_07,2025-04-15T16:36:38Z
5,Good,Use it and get it know,GhostAlphaX,2025-04-15T07:01:27Z